generation,diversity_alive_lineages
0,400
1,400
2,400
3,400
4,400
5,400
6,400
7,400
8,400
9,400
10,400
11,400
12,400
13,400
14,400
15,400
16,400
17,400
18,400
19,400
20,400
21,400
22,400
23,400
24,400
25,400
26,400
27,400
28,400
29,400
30,400
31,400
32,400
33,400
34,400
35,400
36,400
37,400
38,400
39,400
40,400
41,400
42,400
43,400
44,400
45,400
46,400
47,400
48,400
49,400
50,400
51,400
52,400
53,400
54,400
55,400
56,400
57,400
58,400
59,400
60,400
61,400
62,400
63,400
64,400
65,400
66,400
67,400
68,400
69,400
70,400
71,400
72,400
73,400
74,400
75,400
76,400
77,400
78,400
79,400
80,400
81,400
82,400
83,400
84,400
85,400
86,400
87,400
88,400
89,400
90,400
91,400
92,400
93,400
94,400
95,400
96,400
97,400
98,400
99,400
100,400
101,400
102,400
103,400
104,400
105,400
106,400
107,400
108,400
109,400
110,400
111,400
112,400
113,400
114,400
115,400
116,400
117,400
118,400
119,400
120,400
121,400
122,400
123,400
124,400
125,400
126,400
127,400
128,400
129,400
130,400
131,400
132,400
133,400
134,400
135,400
136,400
137,400
138,400
139,400
140,400
141,400
142,400
143,400
144,400
145,400
146,400
147,400
148,400
149,400
150,400
151,400
152,400
153,400
154,400
155,400
156,400
157,400
158,400
159,400
160,400
161,400
162,400
163,400
164,400
165,400
166,400
167,400
168,400
169,400
170,400
171,400
172,400
173,400
174,400
175,400
176,400
177,400
178,400
179,400
180,400
181,400
182,400
183,400
184,400
185,400
186,400
187,400
188,400
189,400
190,400
191,400
192,400
193,400
194,400
195,400
196,400
197,400
198,400
199,400
200,400
201,400
202,400
203,400
204,400
205,400
206,400
207,400
208,400
209,400
210,400
211,400
212,400
213,400
214,400
215,400
216,400
217,400
218,400
219,400
220,400
221,400
222,400
223,400
224,400
225,400
226,400
227,400
228,400
229,400
230,400
231,400
232,400
233,400
234,400
235,400
236,400
237,400
238,400
239,400
240,400
241,400
242,400
243,400
244,400
245,400
246,400
247,400
248,400
249,400
250,400
251,400
252,400
253,400
254,400
255,400
256,400
257,400
258,400
259,400
260,400
261,400
262,400
263,400
264,400
265,400
266,400
267,400
268,400
269,400
270,400
271,400
272,400
273,400
274,400
275,400
276,400
277,400
278,400
279,400
280,400
281,400
282,400
283,400
284,400
285,400
286,400
287,400
288,400
289,400
290,400
291,400
292,400
293,400
294,400
295,400
296,400
297,400
298,400
299,400
300,281
301,329
302,357
303,374
304,384
305,390
306,394
307,396
308,398
309,399
310,399
311,399
312,399
313,399
314,399
315,399
316,399
317,399
318,399
319,399
320,399
321,399
322,399
323,399
324,399
325,399
326,399
327,399
328,399
329,399
330,399
331,399
332,399
333,399
334,399
335,399
336,399
337,399
338,399
339,399
340,399
341,399
342,399
343,399
344,399
345,399
346,399
347,399
348,399
349,399
350,399
351,399
352,399
353,399
354,399
355,399
356,399
357,399
358,399
359,399
360,399
361,399
362,399
363,399
364,399
365,399
366,399
367,399
368,399
369,399
370,399
371,399
372,399
373,399
374,399
375,399
376,399
377,399
378,399
379,399
380,399
381,399
382,399
383,399
384,399
385,399
386,399
387,399
388,399
389,399
390,399
391,399
392,399
393,399
394,399
395,399
396,399
397,399
398,399
399,399
400,399
401,399
402,399
403,399
404,399
405,399
406,399
407,399
408,399
409,399
410,399
411,399
412,399
413,399
414,399
415,399
416,399
417,399
418,399
419,399
420,399
421,399
422,399
423,399
424,399
425,399
426,399
427,399
428,399
429,399
430,399
431,399
432,399
433,399
434,399
435,399
436,399
437,399
438,399
439,399
440,399
441,399
442,399
443,399
444,399
445,399
446,399
447,399
448,399
449,399
450,399
451,399
452,399
453,399
454,399
455,399
456,399
457,399
458,399
459,399
460,399
461,399
462,399
463,399
464,399
465,399
466,399
467,399
468,399
469,399
470,399
471,399
472,399
473,399
474,399
475,399
476,399
477,399
478,399
479,399
480,399
481,399
482,399
483,399
484,399
485,399
486,399
487,399
488,399
489,399
490,399
491,399
492,399
493,399
494,399
495,399
496,399
497,399
498,399
499,399
500,399
501,399
502,399
503,399
504,399
505,399
506,399
507,399
508,399
509,399
510,399
511,399
512,399
513,399
514,399
515,399
516,399
517,399
518,399
519,399
520,399
521,399
522,399
523,399
524,399
525,399
526,399
527,399
528,399
529,399
530,399
531,399
532,399
533,399
534,399
535,399
536,399
537,399
538,399
539,399
540,399
541,399
542,399
543,399
544,399
545,399
546,399
547,399
548,399
549,399
550,399
551,399
552,399
553,399
554,399
555,399
556,399
557,399
558,399
559,399
560,399
561,399
562,399
563,399
564,399
565,399
566,399
567,399
568,399
569,399
570,399
571,399
572,399
573,399
574,399
575,399
576,399
577,399
578,399
579,399
580,399
581,399
582,399
583,399
584,399
585,399
586,399
587,399
588,399
589,399
590,399
591,399
592,399
593,399
594,399
595,399
596,399
597,399
598,399
599,399
600,281
601,329
602,357
603,374
604,384
605,390
606,394
607,396
608,398
609,399
610,399
611,399
612,399
613,399
614,399
615,399
616,399
617,399
618,399
619,399
620,399
621,399
622,399
623,399
624,399
625,399
626,399
627,399
628,399
629,399
630,399
631,399
632,399
633,399
634,399
635,399
636,399
637,399
638,399
639,399
640,399
641,399
642,399
643,399
644,399
645,399
646,399
647,399
648,399
649,399
650,399
651,399
652,399
653,399
654,399
655,399
656,399
657,399
658,399
659,399
660,399
661,399
662,399
663,399
664,399
665,399
666,399
667,399
668,399
669,399
670,399
671,399
672,399
673,399
674,399
675,399
676,399
677,399
678,399
679,399
680,399
681,399
682,399
683,399
684,399
685,399
686,399
687,399
688,399
689,399
690,399
691,399
692,399
693,399
694,399
695,399
696,399
697,399
698,399
699,399
700,399
701,399
702,399
703,399
704,399
705,399
706,399
707,399
708,399
709,399
710,399
711,399
712,399
713,399
714,399
715,399
716,399
717,399
718,399
719,399
720,399
721,399
722,399
723,399
724,399
725,399
726,399
727,399
728,399
729,399
730,399
731,399
732,399
733,399
734,399
735,399
736,399
737,399
738,399
739,399
740,399
741,399
742,399
743,399
744,399
745,399
746,399
747,399
748,399
749,399
750,399
751,399
752,399
753,399
754,399
755,399
756,399
757,399
758,399
759,399
760,399
761,399
762,399
763,399
764,399
765,399
766,399
767,399
768,399
769,399
770,399
771,399
772,399
773,399
774,399
775,399
776,399
777,399
778,399
779,399
780,399
781,399
782,399
783,399
784,399
785,399
786,399
787,399
788,399
789,399
790,399
791,399
792,399
793,399
794,399
795,399
796,399
797,399
798,399
799,399
800,399
801,399
802,399
803,399
804,399
805,399
806,399
807,399
808,399
809,399
810,399
811,399
812,399
813,399
814,399
815,399
816,399
817,399
818,399
819,399
820,399
821,399
822,399
823,399
824,399
825,399
826,399
827,399
828,399
829,399
830,399
831,399
832,399
833,399
834,399
835,399
836,399
837,399
838,399
839,399
840,399
841,399
842,399
843,399
844,399
845,399
846,399
847,399
848,399
849,399
850,399
851,399
852,399
853,399
854,399
855,399
856,399
857,399
858,399
859,399
860,399
861,399
862,399
863,399
864,399
865,399
866,399
867,399
868,399
869,399
870,399
871,399
872,399
873,399
874,399
875,399
876,399
877,399
878,399
879,399
880,399
881,399
882,399
883,399
884,399
885,399
886,399
887,399
888,399
889,399
890,399
891,399
892,399
893,399
894,399
895,399
896,399
897,399
898,399
899,399
